{
  "generatedAtIso": "2026-03-13T11:57:09.986Z",
  "graphPath": "/Users/benwheatley/Documents/Code/Isochrone/data_pipeline/output/graph-walk.bin",
  "graphStats": {
    "nNodes": 572987,
    "nEdges": 1420635,
    "epsgCode": 25833
  },
  "sampleCountRequested": 24,
  "seed": 1337,
  "results": [
    {
      "requestedMode": "car",
      "modeMask": 4,
      "modeLabel": "car",
      "sampleStats": {
        "nodeIndices": [
          432161,
          314856,
          90960,
          378120,
          189908,
          388086,
          338698,
          291165,
          70283,
          557614,
          553997,
          162586,
          109870,
          555413,
          160563,
          486451,
          107850,
          262737,
          435460,
          543265,
          309061,
          237824,
          310475,
          534303
        ],
        "requestedSampleCount": 24,
        "deliveredSampleCount": 24,
        "attempts": 50
      },
      "strategyResults": [
        {
          "runCount": 24,
          "heapStrategy": "decrease-key",
          "allowedModeMask": 4,
          "totalSettledNodes": 6562344,
          "wallMs": {
            "count": 24,
            "min": 109.60737490653992,
            "max": 182.9348750114441,
            "mean": 134.95492537816367,
            "p50": 134.59466695785522,
            "p95": 159.1854169368744,
            "p99": 171.53466701507568
          },
          "setupWallMs": {
            "count": 24,
            "min": 2.8915419578552246,
            "max": 33.63233304023743,
            "mean": 6.497241328159968,
            "p50": 3.869584083557129,
            "p95": 9.373500108718872,
            "p99": 16.167708158493042
          },
          "expandWallMs": {
            "count": 24,
            "min": 106.48779201507568,
            "max": 166.42141699790955,
            "mean": 128.38917019963264,
            "p50": 121.89995789527893,
            "p95": 152.8700830936432,
            "p99": 164.44445896148682
          },
          "settledNodeCount": {
            "count": 24,
            "min": 273431,
            "max": 273431,
            "mean": 273431,
            "p50": 273431,
            "p95": 273431,
            "p99": 273431
          },
          "msPerSettledNode": 0.00046954869857343404,
          "cpuMs": {
            "count": 24,
            "min": 101.406,
            "max": 170.997,
            "mean": 123.21370833333334,
            "p50": 118.858,
            "p95": 151.864,
            "p99": 169.061
          },
          "setupCpuMs": {
            "count": 24,
            "min": 2.893,
            "max": 34.472,
            "mean": 5.4948749999999995,
            "p50": 3.716,
            "p95": 6.572,
            "p99": 11.503
          },
          "expandCpuMs": {
            "count": 24,
            "min": 98.297,
            "max": 157.39,
            "mean": 117.67833333333333,
            "p50": 113.863,
            "p95": 136.436,
            "p99": 146.566
          }
        },
        {
          "runCount": 24,
          "heapStrategy": "duplicate-push",
          "allowedModeMask": 4,
          "totalSettledNodes": 6562344,
          "wallMs": {
            "count": 24,
            "min": 108.22350001335144,
            "max": 174.94799995422363,
            "mean": 125.40328828493755,
            "p50": 121.25616598129272,
            "p95": 140.18433284759521,
            "p99": 161.66962504386902
          },
          "setupWallMs": {
            "count": 24,
            "min": 2.355041980743408,
            "max": 5.625165939331055,
            "mean": 3.1488385796546936,
            "p50": 2.68595814704895,
            "p95": 4.412040948867798,
            "p99": 5.254333972930908
          },
          "expandWallMs": {
            "count": 24,
            "min": 105.7737500667572,
            "max": 172.56662511825562,
            "mean": 122.21745658914249,
            "p50": 117.90258312225342,
            "p95": 135.17866706848145,
            "p99": 158.97574996948242
          },
          "settledNodeCount": {
            "count": 24,
            "min": 273431,
            "max": 273431,
            "mean": 273431,
            "p50": 273431,
            "p95": 273431,
            "p99": 273431
          },
          "msPerSettledNode": 0.00044697732367267236,
          "cpuMs": {
            "count": 24,
            "min": 102.375,
            "max": 171.667,
            "mean": 117.67637500000001,
            "p50": 111.572,
            "p95": 148.594,
            "p99": 154.228
          },
          "setupCpuMs": {
            "count": 24,
            "min": 2.358,
            "max": 8.533,
            "mean": 3.1315000000000004,
            "p50": 2.69,
            "p95": 4.084,
            "p99": 4.212
          },
          "expandCpuMs": {
            "count": 24,
            "min": 99.69,
            "max": 168.985,
            "mean": 114.52308333333333,
            "p50": 108.605,
            "p95": 145.871,
            "p99": 151.855
          }
        }
      ]
    },
    {
      "requestedMode": "all",
      "modeMask": 7,
      "modeLabel": "walk+bike+car",
      "sampleStats": {
        "nodeIndices": [
          432161,
          314856,
          157281,
          90960,
          366848,
          307433,
          378120,
          189908,
          388086,
          391960,
          272119,
          363555,
          338698,
          154999,
          291165,
          25131,
          287308,
          70283,
          557614,
          553997,
          162586,
          109870,
          555413,
          183094
        ],
        "requestedSampleCount": 24,
        "deliveredSampleCount": 24,
        "attempts": 33
      },
      "strategyResults": [
        {
          "runCount": 24,
          "heapStrategy": "decrease-key",
          "allowedModeMask": 7,
          "totalSettledNodes": 11486640,
          "wallMs": {
            "count": 24,
            "min": 234.12929105758667,
            "max": 311.0585000514984,
            "mean": 260.13366505503654,
            "p50": 250.75916695594788,
            "p95": 294.8920419216156,
            "p99": 296.464124917984
          },
          "setupWallMs": {
            "count": 24,
            "min": 2.7181661128997803,
            "max": 38.66087508201599,
            "mean": 5.448409765958786,
            "p50": 3.169250011444092,
            "p95": 5.2549591064453125,
            "p99": 15.703500032424927
          },
          "expandWallMs": {
            "count": 24,
            "min": 230.86033296585083,
            "max": 293.7197918891907,
            "mean": 254.6357692082723,
            "p50": 246.96270895004272,
            "p95": 279.1382920742035,
            "p99": 282.57687497138977
          },
          "settledNodeCount": {
            "count": 24,
            "min": 478610,
            "max": 478610,
            "mean": 478610,
            "p50": 478610,
            "p95": 478610,
            "p99": 478610
          },
          "msPerSettledNode": 0.0005320318614493477,
          "cpuMs": {
            "count": 24,
            "min": 224.341,
            "max": 289.114,
            "mean": 244.02249999999995,
            "p50": 240.695,
            "p95": 268.637,
            "p99": 276.284
          },
          "setupCpuMs": {
            "count": 24,
            "min": 2.72,
            "max": 38.796,
            "mean": 5.228166666666667,
            "p50": 3.209,
            "p95": 4.795,
            "p99": 13.175
          },
          "expandCpuMs": {
            "count": 24,
            "min": 221.233,
            "max": 265.48,
            "mean": 238.7706666666667,
            "p50": 237.64,
            "p95": 261.171,
            "p99": 263.08
          }
        },
        {
          "runCount": 24,
          "heapStrategy": "duplicate-push",
          "allowedModeMask": 7,